Name,Status,Priority,Assigned,Action Type,Due
專案發布與媒合介面,Not started,High,,,
認證與用戶介面,Not started,High,,,
設計系統與組件庫,Not started,High,,,
里程碑託管模組,Not started,High,,,
專案管理模組,Not started,High,,,
認證授權模組,Not started,High,,,
基礎架構建置,Not started,High,,,
資料遷移策略 (Prisma/TypeORM),In progress,High,"彥佑 陳,  Eva",報告文件撰寫,
索引策略規劃,In progress,High,"彥佑 陳,  Eva",報告文件撰寫,
"資料表結構設計 (users, projects, milestones, payments, deliverables, disputes)",In progress,High,"彥佑 陳,  Eva",實作開發,
需求變更控制流程,In progress,High,彥佑 陳,報告文件撰寫,
驗收標準制定,In progress,High,彥佑 陳,報告文件撰寫,
資料庫設計,In progress,High,"彥佑 陳,  Eva",實作開發,
需求分析與文檔,In progress,High,彥佑 陳,報告文件撰寫,2025年5月29日
專案管理與規劃,In progress,High,,"功能評估, 報告文件撰寫",
錯誤處理標準定義,Done,High,彥佑 陳,功能評估,
OpenAPI/Swagger 文檔規範,Done,High,彥佑 陳,功能評估,
RESTful API 規範制定,Done,High,彥佑 陳,功能評估,
ER 圖設計,Done,High,彥佑 陳,報告文件撰寫,
部署架構設計 (Docker/K8s),Done,High,彥佑 陳,功能評估,
模組化設計規劃,Done,High,彥佑 陳,功能評估,
系統架構設計 (Microservices),Done,High,彥佑 陳,功能評估,
技術選型確認 (NestJS/Next.js/PostgreSQL),Done,High,彥佑 陳,功能評估,
使用者故事定義,Done,High,彥佑 陳,報告文件撰寫,
PRD 文檔審核與確認,Done,High,彥佑 陳,報告文件撰寫,
團隊組建與任務分配,Done,High,彥佑 陳,報告文件撰寫,
風險識別與評估,Done,High,彥佑 陳,報告文件撰寫,
專案時程規劃,Done,High,彥佑 陳,報告文件撰寫,
WBS 結構設計,Done,High,彥佑 陳,報告文件撰寫,
專案章程制定,Done,High,彥佑 陳,報告文件撰寫,
API 設計規範,Done,High,彥佑 陳,功能評估,
技術架構設計,Done,High,彥佑 陳,功能評估,
前端開發,Done,High,,,
專案啟動與規劃,Done,High,彥佑 陳,報告文件撰寫,2025年5月30日
後端開發,Done,High,,,
系統架構與設計,Done,High,彥佑 陳,實作開發,
儀表板與數據視覺化,Not started,Medium,,,
里程碑與交付介面,Not started,Medium,,,
AI 輔助模組,Not started,Medium,,,
交付物管理模組,Not started,Medium,,,
里程碑審查機制,In progress,Medium,彥佑 陳,報告文件撰寫,
進度追蹤機制設立,In progress,Medium,彥佑 陳,報告文件撰寫,
週報告制度建立,In progress,Medium,彥佑 陳,報告文件撰寫,
專案監控與報告,In progress,Medium,彥佑 陳,報告文件撰寫,2025年5月29日
爭議處理介面,Not started,Low,,,
爭議處理模組,Not started,Low,,,
KPI 與評價模組,Not started,Low,,,
金流整合模組,Not started,Low,,,
文檔與培訓,Not started,Low,,,
部署與上線,Not started,Low,,,
測試與品質保證,Not started,Low,,,
系統維護手冊,Not started,,,,
FAQ 常見問題,Not started,,,,
接案者操作手冊,Not started,,,,
案主操作手冊,Not started,,,,
部署指南,Not started,,,,
資料庫設計文檔,Not started,,,,
API 規格文檔 (Swagger),Not started,,,,
架構設計文檔更新,Not started,,,,
資料庫備份策略,Not started,,,,
效能監控告警設置,Not started,,,,
日誌監控系統 (CloudWatch/ELK),Not started,,,,
上線驗證測試,Not started,,,,
域名與 SSL 配置,Not started,,,,
雲端環境設置 (AWS/GCP),Not started,,,,
環境配置管理 (dev/staging/prod),Not started,,,,
CI/CD Pipeline 設計 (GitHub Actions),Not started,,,,
Docker 容器化配置,Not started,,,,
安全性掃描 (OWASP),Not started,,,,
效能基準測試,Not started,,,,
跨瀏覽器相容性測試,Not started,,,,
核心用戶流程 E2E 測試,Not started,,,,
Playwright E2E 框架設置,Not started,,,,
前後端整合測試,Not started,,,,
金流整合測試 (ECPay 測試環境),Not started,,,,
API 整合測試,Not started,,,,
前端組件測試 (React Testing Library),Not started,,,,
Payment 模組單元測試,Not started,,,,
Core 模組單元測試,Not started,,,,
Auth 模組單元測試,Not started,,,,
Jest 測試框架設置,Not started,,,,
爭議處理狀態追蹤,Not started,,,,
爭議詳情與證據展示,Not started,,,,
爭議發起介面,Not started,,,,
價格區間視覺化 (箱形圖),Not started,,,,
案主專案管理儀表板,Not started,,,,
接案者 KPI 儀表板,Not started,,,,
專案進度儀表板,Not started,,,,
驗收確認介面,Not started,,,,
交付物上傳介面,Not started,,,,
託管付款流程介面,Not started,,,,
里程碑設定介面,Not started,,,,
候選人選擇介面 (案主視角),Not started,,,,
投標提案介面,Not started,,,,
專案詳情頁面,Not started,,,,
專案列表頁面 (接案者視角),Not started,,,,
專案發布表單 (含 AI 需求導引),Not started,,,,
NextAuth 整合,Not started,,,,
用戶設定頁面,Not started,,,,
用戶個人檔案頁面,Not started,,,,
登入頁面 (Email + OAuth),Not started,,,,
註冊頁面,Not started,,,,
響應式設計方案,Not started,,,,
"基礎組件庫開發 (Button, Input, Card, Modal)",Not started,,,,
UI 設計系統定義 (Tailwind/Shadcn),Not started,,,,
Next.js 14 專案初始化,Not started,,,,
AI 價格談判輔助,Not started,,,,
AI 需求導引 v1 - 結構化需求產出,Not started,,,,
AI 需求導引 v1 - 需求模糊語言檢測,Not started,,,,
證據鏈管理 API,Not started,,,,
爭議升級流程,Not started,,,,
自動裁決規則引擎,Not started,,,,
爭議發起 API,Not started,,,,
Dispute 資料模型實作,Not started,,,,
價格區間建議 API (市場數據),Not started,,,,
KPI 儀表板 API,Not started,,,,
一次驗收率 (First-Pass Acceptance) 計算,Not started,,,,
準時率 (On-Time Rate) 計算,Not started,,,,
KPI 計算邏輯設計,Not started,,,,
驗收/退回流程 API,Not started,,,,
交付物版本控制,Not started,,,,
SHA-256 雜湊值計算與存儲,Not started,,,,
檔案上傳 API (S3 整合),Not started,,,,
Deliverable 資料模型實作,Not started,,,,
金流對帳機制,Not started,,,,
金流 Webhook 處理,Not started,,,,
退款流程實作,Not started,,,,
放款流程實作 (手動代理託管),Not started,,,,
託管收款流程實作,Not started,,,,
綠界 ECPay API 整合研究,Not started,,,,
Payment 資料模型實作,Not started,,,,
超時自動處理邏輯 (7天未驗收→自動放款),Not started,,,,
驗收標準強制機制,Not started,,,,
里程碑狀態機 (pending→funded→in_progress→submitted→approved→released),Not started,,,,
里程碑 CRUD API,Not started,,,,
Milestone 資料模型實作,Not started,,,,
接案者選擇與合作確認流程,Not started,,,,
專案搜尋與過濾 API,Not started,,,,
Proposal 資料模型與 API (接案者投標),Not started,,,,
專案狀態機實作 (draft→open→in_progress→completed),Not started,,,,
專案 CRUD API,Not started,,,,
Project 資料模型實作,Not started,,,,
密碼重設流程,Not started,,,,
Email 驗證流程,Not started,,,,
角色權限控制 (client/freelancer/both),Not started,,,,
OAuth 整合 (Google),Not started,,,,
JWT Token 機制,Not started,,,,
Email 註冊/登入 API,Not started,,,,
User 資料模型實作,Not started,,,,
Swagger API 文檔設置,Not started,,,,
日誌系統設置,Not started,,,,
配置管理系統 (環境變數),Not started,,,,
Redis 連接設置,Not started,,,,
PostgreSQL 資料庫連接,Not started,,,,
框架設置與配置 (模組、中間件),Not started,,,,
NestJS 專案初始化,Not started,,,,
維護手冊,Not started,,,,
使用者手冊,Not started,,,,
技術文檔,Not started,,,,
監控與維護,Not started,,,,
生產部署,Not started,,,,
部署環境準備,Not started,,,,
效能與安全測試,Not started,,,,
端到端測試,Not started,,,,
整合測試,Not started,,,,
單元測試,Not started,,,,